ACGTACGTACGTACGTACGT	ACGTTCGTACGTACGTACGA	62.0	0	0
ACGTACGTACGTAC--GTACGTACGTACGTACGT	ACGTACGTACGTACGGGTACGTACGTACGT----	101.0	0	0
AAAAACCCCCCGGGGGTTTTT	-AAAAACCCCCGGGGGTTTTT	71.0	0	0
ACGTACGTACGT	ACGTACGT----	32.0	0	0
ACGTACGTACGTACGT	ACGTACGT--------	32.0	0	0
ACGT	ACGT	16.0	0	0
AAAAAAAAAAAAAAAAAAAAAAAAAAAAAA	AAAAAA------------------------	24.0	0	0
ACGTACGTACGTACGTACGTACGT	ACGTACGTACGTACGTACGTACGT	96.0	0	0
ACGTTTTTGGGGACGTACGTACGT	ACG----TGGGGACGTACGTACGT	67.0	0	0
ACGAACGTACGT	AC-NACGTACGT	34.0	0	0
TTTTTAAAAATTTTTTTTTAAAAATTTTT	TTTTTAAAAA----TTTTTAAAAATTTTT	87.0	0	0
GGGCCCGGG---AAACCCTTTCCCGGGTTT	GGGCCCGGGTTTAAA------CCCGGGTTT	57.0	0	0
ACGTTTTACGTACGAACGTACGTACGTTTTTACGTAC--	ACG---TACGTACGTACGTACGTACGTACGTACGTACGT	77.0	0	0
ACGTACGTACGTACGTACGT	ACGTTCGTACGTACGTACGA	62.0	0	0
ACGTACGTACGTACGTACGT	ACGTTCGTACGTACGTACGA	62.0	0	0
ACGTACGTACGTACGTACGT	ACGTTCGTACGTACGTACGA	62.0	0	0
ACGTACGTACGTACGTACGTACGTACGTACGT	ACGTACGTACGTACGGGTACGTACGTACGT--	-5.0	0	0
ACGTACGTACGTACGTACGTACGTACGTACGT	ACGTACGTACGTACGGGTACGTACGTACGT--	-5.0	0	0
ACGTACGTACGTACGTACGTACGTACGTACGT	ACGTACGTACGTACGGGTACGTACGTACGT--	4.0	0	0
AAAAACCCCCCGGGGGTTTTT	AAAAACCCCCGGGGGTTTTT-	52.0	0	0
AAAAACCCCCCGGGGGTTTTT	AAAAACCCCCGGGGGTTTTT-	52.0	0	0
AAAAACCCCCCGGGGGTTTTT	-AAAAACCCCCGGGGGTTTTT	71.0	0	0
ACGTACGTACGT	ACGTACGT----	22.0	0	0
ACGTACGTACGT	ACGTACGT----	22.0	0	0
ACGTACGTACGT	ACGTACGT----	21.0	0	0
ACGTACGTACGTACGT	ACGTACGT--------	22.0	0	0
ACGTACGTACGTACGT	ACGTACGT--------	22.0	0	0
ACGTACGTACGTACGT	ACGTACGT--------	21.0	0	0
ACGT	ACGT	16.0	0	0
ACGT	ACGT	16.0	0	0
ACGT	ACGT	16.0	0	0
AAAAAAAAAAAAAAAAAAAAAAAAAAAAAA	AAAAAA------------------------	14.0	0	0
AAAAAAAAAAAAAAAAAAAAAAAAAAAAAA	AAAAAA------------------------	14.0	0	0
AAAAAAAAAAAAAAAAAAAAAAAAAAAAAA	AAAAAA------------------------	14.0	0	0
ACGTACGTACGTACGTACGTACGT	ACGTACGTACGTACGTACGTACGT	96.0	0	0
ACGTACGTACGTACGTACGTACGT	ACGTACGTACGTACGTACGTACGT	96.0	0	0
ACGTACGTACGTACGTACGTACGT	ACGTACGTACGTACGTACGTACGT	96.0	0	0
ACGTTTTTGGGG-ACGTACGTACGT	ACGTGG-GGACGTACGTACGT----	16.0	0	0
ACGTTTTTGGGG-ACGTACGTACGT	ACGTGG-GGACGTACGTACGT----	16.0	0	0
ACGTTTTTGG--GGACGTACGTACGT	ACGTG--GGGACGTACGTACGT----	13.0	0	0
ACGAACGTACGT	ACNACGTACGT-	4.0	0	0
ACGAACGTACGT	ACNACGTACGT-	4.0	0	0
ACGAACGTACGT	AC-NACGTACGT	34.0	0	0
TTTTTAAAAATTTTTTTTTAAAAATTTTT	TTTTTAAAAATTTTTAAAAATTTTT----	18.0	0	0
TTTTTAAAAATTTTTTTTTAAAAATTTTT	TTTTTAAAAATTTTTAAAAATTTTT----	18.0	0	0
TTTTTAAAAATTTTTTTTTAAAAATTTTT	TTTTTAAAAATTTTTAAAAATTTTT----	26.0	0	0
GGGCCCGGGAAACCCTTTCCCGGGTTT	GGGCCCGGGTTTAAACCCGGGTTT---	4.0	0	0
GGGCCCGGGAAACCCTTTCCCGGGTTT	GGGCCCGGGTTTAAACCCGGGTTT---	4.0	0	0
GGGCCCGGGAAACCCTTTCCCGGGTTT	GGGCCCGGGTTTAAACCCGGGTTT---	4.0	0	0
ACGTTTTACGTACGAACGTACGTACGTTTTTACGTAC	ACGTACGTACGTACGTACGTACGTACGTACGTACGT-	-5.0	0	0
ACGTTTTACGTACGAACGTACGTACGTTTTTACGTAC	ACGTACGTACGTACGTACGTACGTACGTACGTACGT-	-5.0	0	0
ACGT-TTTACGTACGAACGTACGTACGTTTTTACGTAC	ACGTACGTACGTACGTACGTACGTACGTACGTACGT--	65.0	0	0
