N	ACGTACGTACGTACGTACGT	ACGTTCGTACGTACGTACGA
N	ACGTACGTACGTACGTACGTACGTACGTACGT	ACGTACGTACGTACGGGTACGTACGTACGT
N	AAAAACCCCCGGGGGTTTTT	AAAAACCCCCCGGGGGTTTTT
N	ACGTACGTACGT	ACGTACGT
N	ACGTACGT	ACGTACGTACGTACGT
N	ACGT	ACGT
N	AAAAAAAAAAAAAAAAAAAAAAAAAAAAAA	AAAAAA
N	ACGTACGTACGTACGTACGTACGT	ACGTACGTACGTACGTACGTACGT
N	ACGTTTTTGGGGACGTACGTACGT	ACGTGGGGACGTACGTACGT
N	ACNACGTACGT	ACGAACGTACGT
N	TTTTTAAAAATTTTTAAAAATTTTT	TTTTTAAAAATTTTTTTTTAAAAATTTTT
N	GGGCCCGGGTTTAAACCCGGGTTT	GGGCCCGGGAAACCCTTTCCCGGGTTT
N	ACGTACGTACGTACGTACGTACGTACGTACGTACGT	ACGTTTTACGTACGAACGTACGTACGTTTTTACGTAC
B	ACGTACGTACGTACGTACGT	ACGTTCGTACGTACGTACGA	2
B	ACGTACGTACGTACGTACGT	ACGTTCGTACGTACGTACGA	3
B	ACGTACGTACGTACGTACGT	ACGTTCGTACGTACGTACGA	5
B	ACGTACGTACGTACGTACGTACGTACGTACGT	ACGTACGTACGTACGGGTACGTACGTACGT	2
B	ACGTACGTACGTACGTACGTACGTACGTACGT	ACGTACGTACGTACGGGTACGTACGTACGT	3
B	ACGTACGTACGTACGTACGTACGTACGTACGT	ACGTACGTACGTACGGGTACGTACGTACGT	5
B	AAAAACCCCCGGGGGTTTTT	AAAAACCCCCCGGGGGTTTTT	2
B	AAAAACCCCCGGGGGTTTTT	AAAAACCCCCCGGGGGTTTTT	3
B	AAAAACCCCCGGGGGTTTTT	AAAAACCCCCCGGGGGTTTTT	5
B	ACGTACGTACGT	ACGTACGT	2
B	ACGTACGTACGT	ACGTACGT	3
B	ACGTACGTACGT	ACGTACGT	5
B	ACGTACGT	ACGTACGTACGTACGT	2
B	ACGTACGT	ACGTACGTACGTACGT	3
B	ACGTACGT	ACGTACGTACGTACGT	5
B	ACGT	ACGT	2
B	ACGT	ACGT	3
B	ACGT	ACGT	5
B	AAAAAAAAAAAAAAAAAAAAAAAAAAAAAA	AAAAAA	2
B	AAAAAAAAAAAAAAAAAAAAAAAAAAAAAA	AAAAAA	3
B	AAAAAAAAAAAAAAAAAAAAAAAAAAAAAA	AAAAAA	5
B	ACGTACGTACGTACGTACGTACGT	ACGTACGTACGTACGTACGTACGT	2
B	ACGTACGTACGTACGTACGTACGT	ACGTACGTACGTACGTACGTACGT	3
B	ACGTACGTACGTACGTACGTACGT	ACGTACGTACGTACGTACGTACGT	5
B	ACGTTTTTGGGGACGTACGTACGT	ACGTGGGGACGTACGTACGT	2
B	ACGTTTTTGGGGACGTACGTACGT	ACGTGGGGACGTACGTACGT	3
B	ACGTTTTTGGGGACGTACGTACGT	ACGTGGGGACGTACGTACGT	5
B	ACNACGTACGT	ACGAACGTACGT	2
B	ACNACGTACGT	ACGAACGTACGT	3
B	ACNACGTACGT	ACGAACGTACGT	5
B	TTTTTAAAAATTTTTAAAAATTTTT	TTTTTAAAAATTTTTTTTTAAAAATTTTT	2
B	TTTTTAAAAATTTTTAAAAATTTTT	TTTTTAAAAATTTTTTTTTAAAAATTTTT	3
B	TTTTTAAAAATTTTTAAAAATTTTT	TTTTTAAAAATTTTTTTTTAAAAATTTTT	5
B	GGGCCCGGGTTTAAACCCGGGTTT	GGGCCCGGGAAACCCTTTCCCGGGTTT	2
B	GGGCCCGGGTTTAAACCCGGGTTT	GGGCCCGGGAAACCCTTTCCCGGGTTT	3
B	GGGCCCGGGTTTAAACCCGGGTTT	GGGCCCGGGAAACCCTTTCCCGGGTTT	5
B	ACGTACGTACGTACGTACGTACGTACGTACGTACGT	ACGTTTTACGTACGAACGTACGTACGTTTTTACGTAC	2
B	ACGTACGTACGTACGTACGTACGTACGTACGTACGT	ACGTTTTACGTACGAACGTACGTACGTTTTTACGTAC	3
B	ACGTACGTACGTACGTACGTACGTACGTACGTACGT	ACGTTTTACGTACGAACGTACGTACGTTTTTACGTAC	5
