G	0	3	3	0
A	1	2	2	0
T	2	1	2	0
C	3	0	3	0
AA	5	10	10	0
AC	7	2	7	1
AG	4	14	14	1
AT	6	6	6	1
CA	13	8	13	1
CC	15	0	15	0
CG	12	12	12	1
CT	14	4	14	1
GA	1	11	11	1
GC	3	3	3	1
GG	0	15	15	0
GT	2	7	7	1
TA	9	9	9	1
TC	11	1	11	1
TG	8	13	13	1
TT	10	5	10	0
ACGT	114	114	114	2
ACGTACGT	29298	29298	29298	2
acgt	114	114	114	2
AAAATAAAATAAAATAAAATAAAAT	376400555366742	468849814579626	468849814579626	0.72192812
GGGGCGGGGCGGGGCGGGGCGGGGC	3301759257603	280649536896255	280649536896255	0.72192812
TTCCTTCCATCCTTACCCTTTTCAA	772672109669045	709529218450693	772672109669045	1.47293508
